1,202295
10,150553
100,12344
1000,113
10000,3
10008,1
1001,78
10010,1
10015,1
1002,82
10025,1
1003,80
1004,69
10046,1
1005,104
10050,1
1006,57
10067,1
1007,53
10075,2
1008,75
1009,87
101,10095
1010,103
10101,2
1011,96
1012,84
1013,83
1014,81
1015,98
1016,76
10167,2
1017,82
1018,54
1019,85
102,9718
1020,88
10201,1
1021,83
10210,1
1022,59
10224,1
1023,64
10234,1
1024,52
1025,89
10254,1
10256,1
1026,57
1027,46
10272,1
1028,59
10284,1
10286,1
1029,74
103,8651
1030,116
1031,64
1032,49
1033,70
10338,1
1034,68
1035,109
10354,1
1036,54
1037,46
10372,1
1038,52
1039,149
10394,1
104,8779
1040,83
1041,106
1042,51
10422,1
1043,44
1044,84
1045,85
1046,43
1047,57
1048,52
10480,2
10489,1
1049,87
105,9388
1050,90
10506,1
1051,81
1052,40
10529,1
1053,48
10534,1
1054,59
1055,92
1056,55
10560,1
1057,63
10571,1
1058,59
10581,1
1059,62
106,8809
1060,169
1061,78
1062,62
1063,59
1064,85
1065,84
1066,102
10666,1
1067,49
1068,63
10687,1
1069,58
10691,1
10695,1
10699,1
107,8406
1070,95
10700,2
10702,1
1071,41
1072,108
1073,62
1074,101
10740,1
1075,320
1076,62
1077,54
10777,1
1078,74
1079,51
108,8600
1080,99
1081,47
10810,1
1082,45
10828,1
1083,38
1084,62
1085,75
10855,2
1086,59
10860,1
1087,36
1088,45
1089,45
109,7993
1090,89
10901,2
1091,56
10910,1
1092,46
1093,54
1094,46
10940,1
1095,67
10950,2
10955,1
1096,62
1097,41
10970,1
10974,1
1098,64
1099,66
11,138737
110,8942
1100,94
11007,1
1101,71
1102,68
11025,1
1103,64
11032,2
1104,67
11040,2
11042,1
1105,148
1106,61
1107,51
1108,55
1109,44
111,8246
1110,114
11100,1
1111,104
11111,15
1112,55
11128,1
1113,65
1114,74
1115,76
1116,45
1117,48
1118,38
11181,1
11183,1
1119,64
112,8286
1120,79
11204,1
11206,1
1121,83
1122,65
1123,48
1124,35
1125,66
1126,36
11260,1
1127,49
1128,28
1129,55
11294,3
113,6959
1130,82
11300,1
1131,53
11316,2
1132,28
1133,46
1134,31
1135,80
1136,37
1137,48
1138,30
1139,40
114,7476
1140,146
1141,40
1142,34
1143,33
11431,1
1144,40
1145,48
11450,1
1146,37
11460,1
11467,1
1147,38
1148,54
11480,1
1149,66
115,7793
1150,88
1151,36
1152,36
1153,33
1154,34
1155,57
11552,1
1156,37
1157,41
11574,1
11575,1
1158,70
1159,51
11594,1
116,7224
1160,170
11601,1
1161,45
1162,80
11623,1
1163,41
11636,1
1164,23
1165,77
1166,29
11665,1
1167,36
1168,37
11689,1
1169,34
117,6896
1170,76
11701,1
1171,37
1172,43
1173,43
1174,50
1175,66
1176,27
1177,35
1178,35
1179,45
11795,1
118,6800
1180,100
11805,1
1181,50
11815,1
1182,31
11825,1
1183,33
1184,36
11840,1
1185,65
1186,45
11864,4
1187,57
1188,41
1189,96
119,6525
1190,62
1191,46
1192,41
1193,30
1194,38
1195,71
11958,1
1196,29
1197,40
11978,1
1198,29
1199,51
12,135668
120,8204
1200,69
1201,58
1202,33
12022,2
12024,1
1203,65
1204,58
12042,1
1205,65
1206,42
12064,1
12069,1
1207,47
12075,3
1208,54
1209,43
12096,1
121,6552
1210,55
1211,76
1212,44
1213,62
1214,74
1215,338
1216,62
1217,110
1218,61
12180,1
12182,1
1219,44
12198,1
122,6933
1220,76
1221,43
12216,1
1222,58
1223,32
1224,48
1225,50
1226,28
12261,1
12265,1
1227,56
12272,1
1228,33
1229,54
123,6223
1230,151
1231,72
1232,36
1233,25
12335,1
1234,37
12341,1
1235,71
1236,30
1237,21
12370,1
1238,34
1239,32
124,6236
1240,53
1241,34
1242,34
1243,27
1244,33
1245,56
1246,33
1247,27
12474,1
1248,39
1249,26
125,7352
1250,59
12509,1
1251,121
12510,1
12517,2
1252,30
1253,35
1254,31
12541,1
1255,69
1256,36
12561,1
12563,2
12569,1
1257,22
1258,25
1259,66
12593,2
12594,1
126,6285
1260,67
1261,29
1262,27
12625,1
1263,28
1264,40
1265,52
1266,36
1267,49
1268,29
1269,36
127,6453
1270,42
1271,40
12714,1
1272,33
1273,28
12737,1
1274,25
12741,1
1275,44
12750,1
12754,1
12755,2
1276,27
1277,71
12771,1
1278,22
12783,1
1279,31
128,6132
1280,67
1281,43
1282,43
12823,1
1283,26
1284,34
1285,31
1286,75
1287,33
1288,33
1289,36
129,5971
1290,66
1291,23
1292,54
1293,31
1294,31
1295,48
1296,30
1297,35
1298,36
12985,1
1299,49
12994,1
12999,1
13,107238
130,6627
1300,60
1301,41
13019,1
1302,26
1303,39
1304,49
1305,58
1306,44
1307,29
13076,2
1308,28
1309,50
131,5689
1310,74
1311,42
13115,1
13118,1
1312,43
13121,1
13129,1
1313,45
1314,41
1315,72
1316,73
1317,50
13175,1
1318,44
13185,1
1319,42
13191,1
132,5548
1320,65
13200,1
1321,40
1322,88
1323,26
1324,39
1325,88
1326,24
1327,31
1328,42
13281,1
1329,51
13295,1
133,5592
1330,51
1331,41
13311,1
1332,43
1333,36
1334,25
1335,40
1336,112
13363,1
1337,97
1338,36
1339,22
134,5212
1340,55
1341,29
1342,33
1343,27
1344,38
1345,65
13454,1
1346,24
1347,33
1348,23
13483,1
1349,29
13494,1
13496,1
135,5602
1350,66
1351,67
1352,41
1353,31
1354,22
13542,2
13544,1
1355,40
1356,31
13563,1
1357,25
1358,28
13580,1
13582,1
1359,40
136,5201
1360,38
1361,20
1362,24
1363,22
1364,17
1365,49
13650,1
13655,1
13657,1
1366,34
1367,21
1368,27
13683,2
1369,32
137,5093
1370,61
1371,43
1372,20
1373,40
1374,46
1375,46
1376,21
1377,27
1378,30
1379,31
13794,1
138,4980
1380,72
1381,26
13813,1
1382,25
1383,28
1384,18
1385,35
13851,1
1386,28
1387,22
1388,13
1389,23
139,5269
1390,45
1391,37
13911,1
1392,12
1393,22
1394,24
13945,1
1395,60
1396,22
1397,23
1398,24
13985,1
1399,24
14,122276
140,5618
1400,69
14001,2
1401,27
1402,30
1403,31
1404,32
1405,56
1406,23
1407,26
14070,1
14071,1
1408,26
1409,80
14096,1
141,4789
1410,43
1411,27
1412,11
1413,24
1414,22
1415,48
1416,60
1417,28
1418,33
1419,34
142,4757
1420,84
1421,32
1422,34
1423,25
1424,47
1425,61
1426,25
1427,22
1428,18
1429,24
143,4370
1430,61
1431,48
1432,14
14324,1
1433,29
1434,25
1435,43
1436,27
1437,33
1438,28
1439,38
144,4637
1440,53
1441,36
1442,29
1443,25
14430,1
1444,22
1445,47
1446,22
1447,30
1448,26
1449,27
145,4716
1450,41
1451,18
1452,52
14526,1
1453,27
1454,26
1455,48
1456,28
1457,34
14572,1
1458,50
1459,22
14593,1
146,4534
1460,60
1461,28
1462,21
1463,22
14634,1
1464,25
1465,31
1466,23
1467,24
1468,17
1469,24
147,4292
1470,34
14705,1
1471,27
1472,20
14728,2
1473,18
14735,1
1474,38
14743,1
14745,1
1475,52
1476,22
1477,15
1478,15
1479,43
148,4443
1480,35
1481,55
1482,21
1483,20
1484,37
14846,1
1485,34
1486,21
14863,2
1487,18
1488,23
14884,1
1489,17
149,4468
1490,45
1491,34
14916,1
1492,34
1493,22
14931,1
14933,1
1494,23
1495,81
1496,12
1497,48
1498,34
1499,24
15,118863
150,5506
1500,60
15000,1
1501,36
1502,42
1503,21
1504,24
15046,1
1505,29
1506,30
1507,18
1508,26
1509,34
151,4204
1510,59
1511,14
1512,31
1513,23
1514,22
1515,39
1516,27
15165,1
1517,66
1518,20
15181,1
1519,28
15194,2
152,4089
1520,49
1521,30
15215,1
1522,19
15226,1
1523,30
1524,21
1525,36
1526,41
1527,25
1528,36
1529,37
153,4000
1530,42
1531,20
15312,1
1532,23
1533,16
1534,27
1535,28
1536,17
1537,33
1538,13
1539,14
154,3857
1540,41
15409,1
1541,40
15418,1
1542,24
1543,17
1544,66
1545,34
1546,16
1547,7
1548,22
15488,1
1549,19
155,4640
1550,49
1551,20
1552,25
1553,30
1554,29
1555,39
1556,12
1557,38
1558,22
15587,2
1559,49
156,4003
1560,30
1561,29
1562,22
1563,22
1564,21
1565,32
15651,2
1566,33
15663,1
1567,23
1568,17
1569,23
157,4102
1570,25
1571,21
1572,23
1573,49
1574,24
1575,29
1576,31
1577,10
1578,21
1579,18
158,3905
1580,71
15806,1
15808,1
1581,14
1582,75
1583,16
1584,20
1585,38
1586,12
1587,21
1588,17
1589,23
159,3777
1590,26
15906,2
1591,18
1592,17
1593,16
1594,16
1595,21
1596,54
1597,14
1598,18
1599,17
16,112943
160,4692
1600,33
1601,29
1602,14
1603,11
1604,16
1605,29
1606,10
16066,1
1607,9
1608,16
1609,13
161,3832
1610,38
1611,12
16112,1
1612,16
16122,1
1613,12
1614,33
1615,31
1616,15
1617,16
1618,28
1619,15
162,3668
1620,42
16200,1
1621,20
16211,1
16216,1
1622,15
1623,18
1624,11
16245,1
1625,49
1626,14
1627,10
1628,14
16282,1
16285,2
1629,24
163,3487
1630,64
1631,12
1632,18
1633,15
1634,21
1635,13
1636,13
1637,21
1638,8
1639,15
164,3456
1640,28
1641,10
1642,11
1643,9
1644,14
1645,21
1646,16
16466,1
1647,14
16476,1
1648,13
1649,27
16496,1
165,3763
1650,35
1651,16
1652,13
16524,1
1653,11
1654,20
1655,28
1656,11
1657,29
1658,7
1659,23
166,3483
1660,28
1661,18
1662,15
1663,12
1664,13
1665,32
1666,14
16664,2
1667,7
1668,7
1669,19
16696,1
167,3366
1670,13
1671,17
1672,6
1673,16
1674,3
16743,1
1675,43
1676,5
16762,1
16766,1
16767,1
1677,6
1678,11
1679,51
16797,2
168,3628
1680,27
16806,1
1681,21
1682,14
16820,1
1683,14
16830,1
1684,9
1685,22
1686,77
1687,11
1688,4
1689,16
169,3325
1690,28
16901,1
1691,10
16919,1
1692,11
1693,10
1694,10
1695,31
1696,7
1697,20
1698,2
1699,4
16999,1
17,103642
170,3858
1700,22
1701,17
1702,16
1703,15
1704,10
1705,27
1706,16
1707,20
1708,29
1709,17
171,3516
1710,33
1711,10
1712,10
17125,1
1713,8
1714,20
17145,1
1715,25
1716,12
1717,20
17171,1
1718,10
1719,37
172,3054
1720,47
1721,30
17213,1
1722,9
1723,19
1724,17
17245,1
1725,14
1726,14
1727,17
1728,14
1729,12
173,3084
1730,24
1731,18
17317,1
1732,6
1733,8
17333,1
1734,6
1735,17
17351,1
1736,11
1737,7
1738,9
1739,8
174,3168
1740,71
1741,19
17418,1
1742,11
17427,1
1743,14
17438,1
1744,17
17447,1
1745,19
1746,13
17463,1
1747,12
17475,1
1748,137
1749,12
175,3204
1750,19
17500,3
1751,12
17519,1
1752,9
1753,13
17535,1
1754,9
1755,21
1756,8
1757,15
1758,13
1759,9
176,2982
1760,20
1761,27
1762,6
1763,30
1764,9
17640,2
1765,19
1766,9
17668,1
1767,12
1768,10
1769,6
177,3850
1770,30
1771,12
17710,1
17719,1
1772,11
1773,10
1774,20
1775,22
1776,12
1777,8
1778,6
1779,7
178,2792
1780,37
1781,16
17814,3
1782,13
1783,9
1784,12
17846,1
1785,21
1786,6
1787,10
1788,12
1789,11
179,2943
1790,17
1791,14
1792,11
1793,13
1794,13
1795,26
1796,15
1797,10
1798,8
17984,1
1799,11
18,103542
180,3544
1800,29
1801,10
1802,11
1803,11
18039,1
1804,13
18040,2
1805,20
1806,10
1807,6
18079,1
1808,11
1809,5
181,3156
1810,24
1811,12
18117,1
1812,6
1813,7
1814,8
1815,11
18157,1
1816,7
1817,12
1818,7
1819,10
18195,2
182,2795
1820,44
1821,10
1822,20
1823,15
1824,14
1825,23
1826,11
1827,8
1828,5
1829,15
18291,1
183,3155
1830,38
1831,7
1832,9
1833,12
1834,10
1835,14
1836,10
1837,11
1838,10
1839,12
184,3006
1840,23
18405,1
1841,8
1842,14
1843,14
1844,7
1845,26
1846,14
18460,1
1847,15
1848,9
1849,21
185,2941
1850,24
1851,12
1852,14
1853,6
1854,9
1855,14
18554,1
1856,6
18569,1
1857,13
1858,14
1859,22
186,2817
1860,21
1861,5
1862,10
1863,16
18639,1
1864,9
1865,25
1866,8
1867,11
1868,7
1869,8
18690,1
187,2672
1870,14
1871,22
1872,6
1873,13
1874,13
1875,17
1876,7
1877,12
1878,10
1879,11
188,2739
1880,22
18803,1
1881,18
1882,13
1883,6
18833,1
1884,9
1885,16
1886,10
1887,15
1888,6
1889,6
189,2544
1890,14
1891,4
18919,1
1892,4
1893,46
1894,8
18949,3
1895,21
1896,3
1897,7
18979,2
1898,8
1899,9
19,96180
190,2779
1900,8
1901,13
1902,4
1903,8
1904,7
1905,20
1906,9
19063,1
1907,7
1908,5
19086,2
19089,1
1909,10
191,2679
1910,13
1911,20
19112,1
19114,2
1912,3
1913,8
1914,6
1915,10
1916,7
1917,21
1918,2
1919,8
192,2624
1920,10
1921,59
1922,9
1923,30
19233,1
1924,14
1925,38
1926,5
1927,27
1928,16
1929,24
193,2416
1930,18
1931,13
1932,5
1933,20
1934,5
19349,1
1935,17
1936,10
1937,13
1938,6
1939,20
194,2405
1940,14
1941,15
1942,3
1943,7
1944,21
19442,3
19447,1
1945,27
19457,1
1946,5
19463,1
1947,15
1948,8
1949,11
195,2618
1950,10
1951,17
1952,10
1953,16
1954,8
1955,14
1956,8
1957,7
1958,6
1959,13
196,2441
1960,12
1961,11
1962,7
1963,5
1964,11
1965,18
1966,14
1967,10
1968,6
1969,8
197,2353
1970,13
1971,14
1972,3
1973,7
1974,11
1975,7
19758,1
1976,18
1977,5
1978,5
198,2252
1980,16
1981,6
1982,8
1983,14
1984,18
1985,17
1986,1
1987,10
1988,2
1989,10
19897,1
199,2749
1990,25
19902,1
1991,10
1992,7
1993,4
1994,8
1995,15
1996,1
1997,2
1998,7
1999,5
19999,2
2,174057
20,95454
200,3529
2000,34
2001,13
2002,10
2003,12
2004,9
2005,23
2006,3
2007,8
2008,11
2009,8
201,2734
2010,14
2011,17
20116,3
2012,10
2013,7
2014,2
2015,17
2016,6
2017,10
2018,42
2019,18
202,2287
2020,23
2021,10
2022,21
2023,10
2024,17
2025,21
2026,12
2027,8
2028,7
2029,8
203,2227
2030,19
2031,12
2032,20
2033,12
2034,16
2035,12
2036,15
2037,11
2038,7
2039,10
204,2325
2040,25
20406,1
2041,4
2042,12
2043,7
2044,16
2045,17
2046,9
2047,22
2048,16
2049,20
205,2696
2050,18
2051,11
2052,6
2053,7
2054,7
20541,1
2055,18
2056,20
2057,11
2058,11
2059,10
206,2411
2060,26
2061,8
2062,4
2063,9
2064,6
2065,17
2066,10
2067,7
2068,6
2069,6
207,2285
2070,18
2071,6
2072,6
2073,6
2074,4
2075,17
2076,2
20765,1
2077,9
2078,9
2079,6
208,2363
2080,14
2081,9
2082,30
2083,7
2084,7
2085,19
2086,5
2087,16
2088,8
2089,8
209,2460
2090,22
2091,17
2092,6
2093,11
2094,4
2095,22
2096,7
2097,13
2098,8
2099,8
21,86966
210,2541
2100,21
21000,1
2101,12
2102,4
2103,8
2104,10
2105,24
2106,10
2107,14
2108,5
21081,1
2109,11
211,2427
2110,23
2111,12
2112,13
2113,12
2114,2
2115,13
2116,11
2117,12
2118,10
21189,1
2119,14
212,2060
2120,11
2121,15
2122,4
21229,1
2123,21
2124,8
2125,25
2126,3
2127,16
21273,2
2128,6
2129,9
213,1914
2130,14
2131,12
2132,16
2133,5
2134,3
2135,27
21358,2
2136,7
2137,10
2138,7
2139,5
214,1990
2140,17
21400,2
2141,5
2142,7
2143,1
2144,8
2145,18
2146,7
2147,5
2148,18
2149,8
215,2355
2150,15
21508,1
2151,5
2152,5
2153,7
2154,8
2155,20
21554,2
2156,10
2157,6
2158,5
2159,6
216,1900
2160,10
2161,4
2162,3
2163,8
21630,1
2164,6
2165,10
2166,5
2167,6
21671,1
2168,6
21682,1
21689,1
2169,5
217,2002
2170,17
2171,5
2172,4
2173,5
2174,2
2175,19
2176,5
2177,3
2178,7
2179,4
218,1811
2180,11
2181,1
2182,4
2183,2
2184,13
2185,5
21859,1
2186,11
2187,4
2188,8
2189,3
219,2123
2190,13
2191,1
21913,1
2192,6
2193,6
2194,7
2195,13
2196,2
2197,3
2198,3
2199,4
22,86762
220,2499
2200,87
2201,8
2202,7
2203,4
2204,7
2205,9
2206,2
2207,6
2208,5
2209,7
221,2072
2210,12
2211,10
2212,3
2213,9
2214,66
2215,10
2216,7
2217,7
2218,4
2219,13
222,2145
2220,19
2221,5
2222,10
2223,4
2224,17
2225,9
2226,11
2227,6
2228,6
22284,1
2229,5
223,1696
2230,14
2231,4
2232,4
2233,6
2234,6
2235,10
2236,8
2237,14
2238,5
2239,9
224,1776
2240,16
2241,8
2242,8
2243,6
2244,5
22442,1
2245,9
2246,8
22460,1
22464,1
2247,7
22473,1
2248,5
2249,16
225,2069
2250,11
2251,6
2252,10
2253,5
2254,3
2255,16
2256,2
2257,13
2258,5
2259,10
226,1924
2260,9
2261,5
2262,6
22623,2
2263,11
2265,18
2266,4
2267,6
2268,3
22685,1
2269,7
227,1809
2270,11
2271,16
2272,4
22726,2
2273,8
2274,5
2275,5
2276,1
2277,3
2278,4
2279,9
228,1882
2280,18
2281,3
2282,6
22822,1
2283,1
2284,5
2285,9
2286,5
2287,12
2288,6
2289,7
229,1758
2290,15
2291,13
2292,5
2293,11
2294,9
2295,19
2296,3
2297,5
2298,4
2299,7
23,79986
230,2075
2300,9
2301,13
23012,1
23019,1
2302,4
2303,4
2304,10
2305,12
2306,4
2307,4
2308,12
2309,11
231,1744
2310,14
23101,1
2311,11
23111,2
2312,9
2313,3
2314,3
2315,13
2316,9
2317,4
2318,2
2319,9
232,1669
2320,12
2321,6
23219,2
2322,1
2323,5
2324,7
2325,20
23259,1
2326,3
2327,18
2328,6
2329,6
233,1764
2330,13
2331,6
2332,8
2333,4
2334,3
2335,9
2336,2
2337,3
2338,2
2339,4
234,1564
2340,30
2341,5
2342,27
2343,3
2344,3
2345,12
2346,3
2347,8
2348,4
2349,3
235,1933
2350,10
2351,8
2352,1
2353,5
2354,5
2355,7
2356,4
2357,3
2358,6
2359,5
236,1608
2360,10
2361,3
23610,2
2362,3
2363,5
2364,5
2365,13
2366,2
2367,9
23670,1
2368,3
2369,2
237,1650
2370,3
2371,3
2372,5
2373,5
2374,3
2375,10
2376,5
23769,1
2377,6
2378,2
2379,4
238,1507
2380,12
2381,6
23810,1
2382,2
2383,4
23836,2
2384,6
2385,10
2386,8
2387,4
2388,11
2389,2
239,1583
2390,11
2391,8
2392,4
23921,1
2393,1
2394,7
2395,14
2396,7
2397,2
2399,3
24,79131
240,2185
2400,11
2401,5
2402,2
2403,3
2404,6
2405,4
2406,4
2407,9
2408,3
2409,6
241,1587
2410,7
2411,9
2412,3
2413,8
2414,4
2415,7
2416,8
2417,4
2418,8
2419,5
242,1737
2420,16
2421,3
2422,3
2423,4
2424,10
2425,5
24253,1
2426,12
2427,5
2428,10
2429,3
243,1777
2430,4
2431,16
2432,2
2434,2
2435,11
2436,4
2439,5
244,1444
2440,10
2441,5
2442,1
24421,1
2443,7
2444,1
2445,5
2446,5
2447,3
2448,3
2449,4
245,1749
2450,12
2451,4
2452,3
2453,2
2454,3
2455,15
2456,2
2457,4
24580,1
2459,6
246,1453
2460,54
2461,5
2462,109
2463,4
2465,8
2466,4
2467,3
24671,1
2468,2
2469,5
247,1593
2470,8
2471,9
2472,3
24722,2
2473,2
2474,3
2475,20
2476,8
2477,6
2478,2
2479,1
248,1341
2480,8
2481,5
2482,4
2483,5
2484,8
24842,1
2485,10
2486,2
2487,6
2488,4
24884,1
2489,2
249,1668
2490,10
2491,17
24912,1
24918,3
2492,2
2493,2
2494,7
2495,6
2496,6
2497,5
24975,1
2499,1
25,75696
250,2386
2500,10
2501,1
2502,7
2503,3
2504,5
2505,9
2506,13
2507,5
2508,1
25087,1
2509,7
251,1445
2510,7
2511,3
2512,3
2513,1
2514,3
2515,11
2516,2
2517,5
2518,5
2519,6
252,1635
2520,11
25208,1
2521,4
2522,3
2523,1
2524,2
2525,12
2526,5
2527,19
2528,4
2529,12
253,1477
2530,8
2531,11
2532,3
2533,9
2534,2
2535,14
2536,3
2537,1
2538,4
2539,35
254,1445
2540,6
2541,3
2542,65
2543,1
2544,5
2545,7
2546,7
2547,4
2548,7
2549,3
25498,1
255,1551
2550,14
2551,3
2552,1
2553,1
2554,6
2555,8
2556,5
2557,8
2558,4
25582,2
2559,3
256,1407
2560,7
2561,10
2562,4
2563,4
2564,5
2565,7
2566,2
2567,1
2568,1
257,1423
2570,9
2571,2
25711,1
2572,1
2573,75
2574,7
2575,9
2576,1
2577,4
2578,4
2579,6
258,1496
2580,3
2581,4
2582,4
2583,1
2584,3
2585,6
2586,1
2587,3
2588,2
2589,6
259,1393
2590,8
2591,2
2592,3
2593,3
2594,4
2595,12
2596,1
2597,2
2598,1
2599,1
26,74073
260,1889
2600,7
2601,17
2602,1
2603,54
2604,2
2605,5
2606,3
2607,10
2608,5
2609,8
261,1430
2610,8
2611,23
2612,1
2613,5
2614,3
2615,11
2617,3
2618,4
2619,15
262,1252
2620,10
2621,1
2622,3
2623,4
2624,3
2625,9
2626,6
2627,6
2628,19
2629,5
263,1270
2630,11
2631,2
2632,5
2633,13
2634,7
2635,2
2637,3
2638,4
2639,4
264,1379
2640,8
2641,3
26416,1
2642,1
2643,1
2644,4
2645,6
2646,7
2647,1
2648,3
2649,5
265,1661
2650,5
2651,9
2652,3
2653,3
2654,5
2655,7
2656,3
2657,6
2658,3
2659,6
266,1276
2660,8
2661,4
2662,2
2663,4
2664,3
2665,7
2666,2
2667,3
2668,2
2669,3
267,1462
2670,8
2671,4
2672,3
2673,3
26730,1
2674,2
2675,2
2676,3
2677,3
2678,2
2679,3
268,1397
2680,4
2681,3
2682,1
2683,4
2684,5
2685,5
2686,4
2687,4
26879,1
2689,3
269,1393
2690,10
2691,4
2692,4
2693,2
2694,3
2695,10
2696,4
2697,4
2698,1
2699,2
27,67896
270,1592
2700,17
27001,1
27008,1
2701,5
27010,1
27012,1
2702,1
2703,5
2704,2
2705,6
2706,4
2707,5
2708,2
2709,5
271,1226
2710,9
2711,4
2712,4
2713,3
2714,2
2715,4
2716,1
2718,1
2719,3
272,1334
2720,12
2721,1
2722,3
2723,2
2724,4
27243,1
2725,9
2726,5
2727,2
2728,5
2729,13
273,1214
2730,7
2731,15
2732,4
2733,4
2734,5
2735,9
27355,1
2736,1
2737,2
27379,1
2738,1
2739,2
274,1390
2740,12
2741,6
2742,3
2743,3
2744,9
2745,7
2746,2
27464,1
2747,5
2748,6
2749,9
275,1276
2750,7
2751,4
2752,3
2753,2
2754,2
2755,10
2756,1
2757,2
2758,1
2759,13
276,1343
2760,6
2761,12
2762,2
27620,1
2763,4
27632,1
27634,2
2764,3
2765,6
2766,1
27661,1
2767,3
2768,3
277,1115
2770,8
2771,5
2772,2
2773,4
2774,2
27742,1
2775,12
2776,3
2777,1
2778,3
2779,4
278,1251
2780,7
2781,1
2782,3
2783,5
2784,3
2785,2
2786,2
2787,2
2788,16
2789,2
279,1193
2790,12
2791,10
2792,8
2793,5
2794,6
2795,6
2796,4
2797,5
2798,7
2799,4
28,67475
280,1598
2800,10
2801,4
2802,5
2804,3
2805,5
2806,6
2807,1
2808,3
2809,9
281,1255
2810,7
2811,7
2812,1
2813,4
28130,1
2814,3
2815,8
2816,1
2817,1
2819,1
282,1149
2820,4
2821,3
2822,1
2823,1
2825,4
2826,5
2827,1
2828,7
2829,5
283,1259
2830,16
2831,6
2832,12
2833,1
2834,4
2835,7
28359,1
2836,3
2837,5
2838,4
2839,2
284,1411
2840,6
2841,2
2842,4
2843,2
2844,3
2845,8
2846,6
2847,2
2848,2
2849,3
285,1247
2850,6
2851,1
2852,1
2853,4
2854,1
2855,6
2856,2
2857,1
2858,5
2859,2
286,1152
2860,10
2861,1
2863,4
2864,4
2865,3
2866,5
2867,4
28677,1
2868,6
2869,2
28693,1
28696,1
287,1232
2870,8
2871,1
2872,3
2873,1
2874,4
2875,2
2876,2
2877,9
2878,5
2879,4
288,1166
2880,9
2881,4
2882,3
2883,4
2884,9
2885,6
2886,4
2888,4
2889,4
289,1250
2890,27
2891,6
2892,1
2893,1
2894,1
2895,11
2896,1
2897,5
2898,1
2899,4
29,63463
290,1291
2900,7
2901,3
2902,3
2903,1
2904,1
2905,7
2906,3
2907,1
2909,7
291,1141
2910,12
2911,3
2912,3
2913,7
2914,2
2915,6
2916,22
2917,2
2918,2
2919,4
292,1080
2920,2
2921,1
2922,2
2923,3
2924,3
2925,10
2926,6
2927,2
2928,10
2929,3
293,1064
2930,13
29300,1
2931,18
2932,3
2933,14
2934,1
2935,3
2936,3
2937,3
2938,16
2939,4
294,1030
2940,31
2941,13
2942,2
2943,9
2944,2
2945,5
2946,5
2947,3
2948,3
2949,3
295,1253
2950,6
2951,2
2952,10
2953,2
2954,7
2955,4
2956,2
2957,4
2958,5
2959,3
296,975
2960,9
2961,8
2962,11
2963,8
2964,4
2965,4
2966,3
2967,6
2968,2
2969,1
297,1021
2970,12
2971,8
2972,1
2973,1
2974,2
2975,5
2976,4
2977,1
2978,1
2979,1
298,937
2980,5
2981,5
2982,4
2983,4
2985,17
2986,5
2987,4
2988,6
2989,5
299,1215
2990,1
2991,7
2992,3
2993,4
2994,3
2995,12
2996,1
2997,4
2998,3
2999,8
3,177548
30,64813
300,1951
3000,3
3001,1
3003,4
3004,4
30045,1
3005,3
3006,4
3007,1
3008,1
3009,3
301,1246
3010,6
3011,6
3012,5
3013,4
3014,3
3015,2
3016,3
3017,6
3018,4
3019,3
302,1139
3020,4
3021,9
3023,2
3024,1
3025,13
3026,5
3027,3
3028,2
303,1389
3030,5
3031,3
3032,22
3033,1
3034,6
3035,5
3036,13
3037,1
3038,4
3039,1
304,1094
3040,8
3041,3
3042,4
3043,3
3044,3
3045,7
3046,2
3047,3
3049,45
305,1294
3050,8
3051,12
3053,1
3055,4
3056,3
3057,7
3058,6
3059,3
306,1109
3060,8
3061,2
3062,1
3063,5
3064,4
3065,6
3066,2
3067,4
3068,3
3069,3
307,1041
3070,23
3071,2
3072,2
3073,5
3074,2
3075,3
3077,2
3078,4
30789,1
3079,3
308,1079
3080,13
3081,2
3082,3
3083,4
3084,2
3085,4
3086,2
3087,1
3088,2
3089,2
309,1043
3090,4
3091,4
3092,5
3093,5
3095,10
3096,2
3097,3
3098,1
3099,6
31,58460
310,1336
3100,13
3101,3
3102,3
3103,5
3105,8
31055,1
3106,6
3107,3
3108,6
3109,4
311,1123
3110,8
3111,3
3112,6
3113,1
3114,2
3115,4
3116,6
3119,4
312,1070
3120,8
3121,3
3122,2
3123,5
3124,4
3125,4
3126,2
3127,3
3128,2
31282,2
3129,2
313,1181
3130,3
3131,5
31315,1
3132,3
3133,8
3134,2
3135,24
3136,8
3137,3
3138,6
3139,5
314,1069
3140,6
3141,4
3142,7
3143,10
3144,1
3145,8
3147,2
3148,1
3149,1
315,1250
3150,4
3151,5
3152,5
3154,1
31545,2
3155,12
31557,2
3156,4
3157,3
3158,3
3159,1
316,1019
3160,4
3161,3
31614,1
3162,2
3164,6
3165,6
3166,3
31662,1
3167,1
3168,3
3169,3
317,1137
3170,6
3171,7
3172,5
3173,6
3174,1
3175,7
3176,2
3177,4
3178,1
3179,3
318,969
3180,5
3181,1
31817,1
3182,2
3183,3
3184,1
3185,3
3186,2
3187,2
3188,3
3189,4
319,1065
3190,8
3191,2
3192,3
3193,2
3194,2
3195,10
3196,2
3197,4
3198,3
3199,6
32,57934
320,1294
3200,5
3201,7
3202,1
3203,2
3204,5
3205,4
3206,2
3208,1
3209,1
321,1077
3210,3
3211,2
3213,3
3214,5
3215,4
3216,4
3217,2
3218,3
3219,6
322,1049
3220,4
3221,4
3222,6
3223,5
3224,3
3225,6
3226,3
32267,1
3227,2
3228,2
3229,3
323,971
3230,8
3231,3
3232,1
3233,1
3234,11
3235,8
3236,55
3237,2
3238,3
3239,6
324,1042
3240,8
3241,6
3242,7
3243,3
3244,1
3245,2
3246,3
3247,7
3248,4
3249,2
325,1223
3250,1
3251,4
3252,4
3253,5
3254,4
3255,2
3256,2
3257,4
3258,2
3259,3
326,972
3260,6
3261,1
3262,3
3263,5
3264,1
3265,2
3266,3
3267,2
3269,5
327,810
3270,12
3273,3
3274,2
3275,4
3276,5
32769,1
3277,8
3278,1
3279,4
328,873
3280,4
3281,1
3283,3
3284,2
3285,6
3286,3
3289,3
329,801
3290,8
3291,6
3293,1
3294,3
3295,3
3296,1
3297,4
3298,2
3299,2
33,55257
330,1274
3300,7
3301,3
3302,1
3303,8
3304,8
3305,7
3306,1
3307,1
3309,5
331,805
3310,1
3311,3
3312,2
3313,3
3315,2
3317,2
33175,1
3318,2
3319,2
332,1037
3320,4
3321,6
3322,1
3323,3
3324,1
3325,3
3326,1
3327,1
3328,3
3329,3
333,1149
3330,2
3331,7
33317,2
3332,1
3333,4
3335,14
3336,3
3337,2
3339,3
334,826
3340,2
3341,4
3342,3
3343,6
3344,2
3345,10
3346,4
3347,1
3348,1
3349,1
335,1122
3350,4
3351,6
33514,1
33518,2
3352,5
3353,1
3354,1
3355,12
3356,6
3357,2
3358,3
3359,1
336,1113
3360,1
3361,2
3363,2
3365,2
3366,1
3367,1
3369,2
337,879
3370,12
3372,1
3373,2
3374,7
3375,17
3376,1
3377,3
3378,3
3379,2
338,713
3380,6
33805,2
3381,2
3383,3
3385,3
3386,2
3387,1
3388,1
3389,1
339,940
3390,5
3391,2
33913,1
3392,2
3393,1
3394,3
3395,4
3396,1
3398,2
3399,3
34,53803
340,1015
3400,23
3401,2
3403,2
3404,1
3405,3
3407,1
3409,1
341,765
3410,1
3411,2
3412,1
3414,3
3415,3
3416,2
3417,1
3418,1
3419,4
342,923
3420,3
3421,3
3422,60
3423,1
3425,2
3426,1
3427,3
3428,1
3429,4
343,1068
3430,7
3431,3
3433,2
3434,3
3435,5
3436,11
3437,6
3438,2
3439,4
344,864
3440,10
3441,2
3442,5
3445,7
3446,3
3447,1
3448,9
3449,5
345,998
3450,10
3451,4
3452,4
3453,2
3454,3
3455,6
3456,11
3457,2
3458,23
3459,3
346,865
3460,12
3461,3
3462,3
3463,3
3464,2
3465,4
3466,2
3467,1
3468,9
3469,3
347,805
3470,5
3471,1
3472,14
3473,2
3474,2
3475,4
3476,4
3477,2
3478,5
348,904
3480,9
3481,3
3482,26
34823,1
3483,1
3484,3
3485,2
3487,4
3488,5
3489,3
349,849
3490,5
3491,2
3492,2
3493,1
3494,40
3495,1
3496,6
3497,1
3498,3
3499,4
35,51939
350,1207
3500,16
3503,4
3504,1
3505,6
3506,1
3507,5
3508,18
3509,2
351,988
3510,43
3511,4
3513,3
3515,1
3516,1
3517,3
3518,5
3519,8
35190,1
352,783
3520,5
3521,1
3522,1
3523,7
3524,1
3525,5
3527,1
3529,2
353,671
3530,5
3531,4
3532,7
3534,19
3535,5
3536,1
3537,8
3539,3
354,833
3540,36
3543,1
3544,30
3545,15
3546,3
3547,1
3548,2
3549,2
355,1138
3550,7
3551,3
3552,5
3553,2
3554,103
3555,9
3556,1
3557,3
3558,2
3559,2
356,1096
3560,7
3561,4
3562,1
35620,1
3563,2
3564,2
3565,9
35650,1
3566,1
3567,1
3568,6
3569,3
35696,2
357,747
3570,7
3571,1
35717,1
3572,3
3573,2
3574,1
35740,1
3575,28
3576,21
3577,4
3578,1
3579,3
358,633
3580,5
3581,2
35825,1
3583,2
3584,3
3585,8
3586,1
3587,2
3588,2
3589,6
359,813
3590,7
3591,1
3592,2
35928,1
3593,3
3594,1
35941,1
3595,7
3597,5
3598,2
3599,1
36,50716
360,1389
3600,5
3601,3
3602,2
3603,1
3604,3
3605,2
36055,1
3606,2
3607,1
3608,2
3609,3
361,814
3610,4
3611,2
36118,1
3612,1
3613,1
3614,5
3615,5
3616,2
3617,1
3618,1
362,834
3620,2
36201,1
3621,1
3622,1
3623,2
3624,2
3625,4
3626,1
3627,2
3628,1
3629,2
363,701
3630,7
3631,1
36312,1
3632,1
3633,1
3634,4
3635,4
3636,2
3637,3
36373,1
3638,14
3639,1
364,790
3640,11
3641,1
3642,31
3643,1
3644,4
3645,68
3646,3
3647,2
3648,4
3649,3
365,937
3650,31
3651,102
3652,1
3653,1
3654,2
36545,2
3655,3
3656,22
3657,2
3658,2
3659,2
366,649
3660,2
3662,5
3663,2
3664,2
3665,4
3666,6
3667,21
3668,2
3669,2
367,688
3670,4
3671,2
3672,2
3673,1
3674,2
3675,13
3676,3
3677,1
3678,3
3679,2
368,756
3680,6
3681,1
3682,3
3683,3
3684,2
3685,3
3686,2
3687,1
3688,4
369,723
3690,4
3691,4
3693,1
3695,3
3696,5
3697,2
3698,2
3699,2
36991,1
37,47564
370,987
3700,3
3701,2
3702,1
3703,2
3704,2
3705,1
3706,2
3708,1
371,638
3710,1
3711,1
3712,1
3713,2
3715,2
37153,1
3716,2
3717,1
3718,1
3719,3
372,670
3720,2
3721,1
3722,2
3724,2
3725,4
3726,1
3727,1
3728,6
3729,1
373,720
3730,4
3731,5
3732,1
3733,2
3734,1
3735,5
3736,1
3737,1
3738,2
3739,14
374,689
3740,6
3741,4
3742,3
3743,2
3744,1
3745,3
3746,1
3749,2
375,808
3750,1
3751,3
3752,4
3753,2
3754,2
3755,2
3756,2
3757,3
3758,2
3759,4
376,634
3760,6
3761,4
3763,2
3764,1
3765,2
3766,2
3767,1
3768,1
3769,3
377,668
3770,8
3772,1
3774,2
3775,4
3776,2
3777,3
3779,3
378,660
3780,2
3781,2
37818,1
3784,2
3785,2
3786,2
3787,1
3788,2
3789,2
379,674
3790,2
3792,1
3794,1
3795,1
3796,4
3797,1
3799,4
38,47476
380,981
3800,2
3801,3
3802,1
3803,2
3804,3
3805,2
3806,1
3807,2
3809,50
381,866
3810,6
3812,1
3813,12
3814,4
3815,7
3816,3
3817,2
3818,1
38184,1
3819,2
382,613
3820,6
3821,3
3822,2
3823,1
3824,1
3825,1
3826,1
3827,1
3828,2
3829,2
383,587
3830,3
38308,1
3831,1
3832,4
3834,2
3836,1
3837,1
3838,5
3839,1
384,554
3840,21
3841,2
3842,8
3843,1
3844,8
3845,5
3846,3
3847,1
3848,3
3849,3
385,722
3850,6
3851,7
3852,3
3853,1
3854,2
3855,4
3858,2
38587,1
3859,2
386,651
3860,16
3861,1
3862,3
3863,3
3864,2
3865,5
3866,3
3868,2
3869,2
387,554
3870,6
3871,2
3872,1
3875,1
38759,1
3876,3
3878,1
3879,2
388,690
3880,1
3881,3
3885,4
3887,1
3888,1
3889,6
389,660
3891,2
3893,2
3895,2
3896,2
3899,2
39,45104
390,796
3900,1
3901,1
3902,2
3903,2
3905,6
3906,1
3907,3
3909,1
391,675
3910,4
3912,1
3914,2
39159,1
3918,1
392,733
3920,3
3921,1
3925,1
39275,1
3928,4
3929,2
393,866
3930,2
3931,3
3932,2
3933,1
3934,2
3935,5
39363,1
3938,4
394,618
3940,3
3941,7
39418,1
3943,5
39430,1
39448,1
3945,3
3946,1
3947,1
3948,1
3949,1
395,641
3950,2
3951,1
3952,1
3953,3
3954,1
3955,3
3956,2
3959,5
396,609
3960,5
3961,9
3962,2
3964,6
3965,4
3969,3
397,517
3970,2
3973,1
3974,2
3975,1
3976,2
3977,2
3978,2
3979,1
398,827
3981,1
3982,2
3984,6
3985,1
3986,1
3988,2
399,588
3990,3
3991,1
39918,1
3994,1
3995,1
3996,2
3998,1
3999,2
4,173788
40,46160
400,830
4000,3
4001,1
4002,1
4003,1
4004,2
4005,2
4006,4
4007,3
4008,1
4009,1
401,694
4010,4
40104,1
40108,1
4011,3
4012,1
4013,1
4014,2
4015,4
4016,1
4017,3
4018,3
4019,6
402,794
4020,1
4021,1
4022,1
4024,1
4025,2
4026,2
4027,1
4028,2
4029,1
403,616
4031,1
4033,1
4034,1
4035,3
4036,4
4037,2
4038,5
404,648
4040,5
4042,7
40426,2
4043,1
4044,6
4045,1
4046,2
4047,1
4048,2
4049,2
405,857
4050,4
4055,4
4057,1
4058,2
4059,2
406,653
4060,2
4061,4
40628,1
40631,3
4064,2
4065,5
4067,1
4068,2
4069,1
407,528
4070,3
4071,1
4072,6
4073,1
4074,2
4076,3
4078,1
4079,1
408,769
4080,2
4083,1
4084,1
40855,1
4088,3
40893,1
409,650
4090,2
4092,1
4093,1
4095,4
4099,2
41,41742
410,843
4100,5
4101,3
4103,1
4104,1
4105,1
4109,1
411,762
4110,9
4111,2
4112,2
4113,1
4114,3
4116,1
4117,3
4118,3
4119,3
412,605
4120,3
4121,1
4125,6
4126,1
4128,2
413,616
4130,7
4132,3
4134,2
4135,2
4136,1
4137,2
4139,1
414,734
4140,7
4141,3
4143,10
4144,2
4145,12
4146,1
4147,2
4148,5
4149,5
415,720
4150,5
4151,6
4152,3
4154,3
4155,1
4156,3
4157,1
41582,1
4159,1
416,910
4160,1
4161,2
4162,2
4164,2
4165,3
4168,2
4169,2
417,575
4170,2
4171,2
4172,1
4173,1
4175,3
4176,1
4177,1
418,681
4180,3
4182,1
4184,1
4185,4
4187,1
4188,2
4189,3
419,580
4190,3
4191,1
4192,1
4193,1
4195,2
4197,1
4199,2
42,41333
420,718
4200,5
4202,2
4203,1
4206,2
4207,5
421,677
4210,7
4211,1
4212,1
4213,1
4214,3
4215,2
4218,4
422,686
4222,1
4225,6
4226,1
4227,1
4229,1
423,495
4230,2
4233,1
4234,2
4237,1
424,540
4241,1
4242,1
4243,3
4244,5
4245,3
4247,2
4248,3
425,639
4250,3
4251,2
4252,2
4255,2
4256,1
4257,2
4258,1
426,509
4260,8
4262,1
4263,1
4265,1
4266,1
4269,2
427,500
4270,2
4272,2
4273,1
4275,3
4278,2
4279,1
428,500
4280,2
4281,1
4282,1
4284,2
4285,2
4286,3
429,520
4290,4
4291,2
4293,1
4294,2
4295,3
4298,1
4299,1
43,38251
430,629
4300,14
4301,2
4308,3
4309,2
431,593
4310,9
4313,1
4315,6
4316,2
4319,3
432,496
4320,1
4321,1
4325,4
4328,1
4329,1
433,522
4330,5
4331,1
4333,1
4334,2
4336,1
4337,1
434,483
4340,2
4345,16
4347,1
4348,1
4349,2
435,551
4350,5
4351,6
4355,3
4358,2
4359,1
436,583
4360,5
4361,1
4363,1
4364,1
4367,1
4369,1
437,530
4370,4
4372,1
4373,1
4375,1
4377,1
4378,2
438,671
4380,2
4381,1
4382,2
4383,1
4385,2
4387,2
4388,1
439,457
4390,5
4391,1
4393,1
4394,2
4395,1
4396,1
43963,1
4399,1
44,37823
440,705
4400,5
4401,2
4402,1
4404,1
4405,2
4407,1
4408,2
441,496
4410,2
4411,1
4412,1
4413,1
4415,4
4416,3
4417,2
442,511
4420,2
4422,4
4425,3
4426,2
4427,1
443,421
4430,5
4434,1
4439,2
444,529
4440,4
4441,2
4442,1
4443,1
4445,2
4446,9
4447,1
4448,7
4449,1
445,699
4450,1
44511,1
4453,1
4454,3
4455,3
4456,3
446,478
4460,2
4461,1
4463,2
4464,2
4466,1
4467,1
4468,1
4469,1
447,469
4470,1
4471,2
4472,2
4473,1
4474,1
4475,4
4476,1
4479,2
448,504
4480,1
4482,2
4483,1
4484,1
4485,1
4486,1
4487,4
4488,2
4489,2
449,463
4491,3
4492,1
4493,1
4494,3
4495,3
4496,3
4497,2
4498,1
4499,1
45,37869
450,788
4500,6
4501,1
4502,4
4503,1
4505,1
4506,2
4507,1
4508,3
451,500
4512,3
4514,1
4515,12
4517,1
4518,1
4519,2
452,423
4520,1
4525,3
453,435
4530,1
4532,1
4533,1
4535,1
4539,2
454,484
4540,5
4541,2
4542,1
4543,3
4544,1
4545,1
4547,13
4549,5
455,530
4550,3
4551,2
4552,1
4554,1
4555,2
4556,1
4559,1
456,465
4560,1
4562,2
4563,1
4565,2
4566,1
4567,1
457,407
4570,2
4571,2
4576,4
4577,1
4578,1
458,419
4580,1
4583,1
4585,4
4586,2
459,501
4590,5
4594,2
4595,2
4597,2
4599,1
46,35420
460,709
4600,3
4602,2
4604,2
46047,1
4605,2
4606,1
4607,3
4608,2
4609,3
461,514
4611,2
4612,2
4613,1
4614,2
46148,1
4615,1
4618,2
4619,1
462,596
4620,6
4621,4
4622,2
4623,1
4624,2
4625,2
4626,1
4627,3
4628,3
4629,8
463,365
4630,3
4631,2
4632,1
4633,1
4634,2
4635,4
4636,1
4637,1
4638,1
4639,2
464,463
4641,2
4642,2
4643,3
4644,1
4645,2
4646,4
4647,1
4648,12
465,668
4650,6
4651,1
4652,1
4654,2
4655,5
4656,2
4657,1
4658,2
4659,1
466,609
4660,3
4661,2
4662,1
4665,6
4666,2
4667,2
4668,2
467,377
4670,3
4671,1
4672,1
4676,2
4678,1
4679,1
468,369
4680,7
4681,1
4682,1
4684,1
4685,3
4686,1
4688,2
469,540
4690,3
4691,1
4692,1
4693,1
4695,2
4696,1
47,33698
470,534
4700,2
4702,2
4704,1
4705,2
4706,1
4708,1
4709,2
471,360
4710,2
4711,1
4712,1
4715,1
472,419
4720,4
4721,1
4722,1
4723,1
4725,1
473,370
4730,2
4731,2
4734,1
4735,1
4738,2
474,422
4740,4
4742,1
4745,1
4746,1
4749,4
475,433
4750,2
4751,1
4754,2
4755,2
4758,1
4759,1
476,419
4760,4
4761,1
4762,1
4763,2
4766,2
4767,1
4768,2
477,344
4771,1
4772,1
4773,1
4774,2
4775,2
4776,1
4778,1
478,367
4785,1
4786,1
4787,2
479,360
4791,1
48,32958
480,830
4800,7
4808,1
4809,1
481,415
4811,1
4812,2
4815,2
4816,1
482,423
4820,3
4822,2
4823,1
4824,1
4825,1
4826,1
4827,3
483,321
4830,1
4831,1
4833,1
4835,2
4839,1
484,363
4840,4
4843,1
4845,2
4846,1
4849,1
485,444
4850,6
4851,1
4852,3
4856,3
486,418
4860,2
4864,1
487,359
4870,2
4871,2
4873,2
4874,2
488,353
4880,5
4885,4
4887,4
4888,1
4889,1
489,293
4890,3
4891,3
4896,2
4899,2
49,31969
490,440
4901,1
4902,1
4903,3
4905,1
4906,1
4907,2
4909,1
491,382
4910,3
4911,1
4912,1
4913,1
4915,2
4917,1
4918,1
4919,1
492,390
4922,1
4923,4
4925,2
4926,1
4927,4
4928,1
4929,1
493,295
4930,1
4931,1
4935,2
4937,1
4938,1
4939,1
494,378
4940,3
4941,1
4943,5
4945,3
4946,1
4947,1
4949,2
495,430
4950,3
49505,1
4951,16
4953,3
4954,2
4955,5
4959,1
496,310
4960,3
4961,1
4963,2
4965,1
4967,2
4969,1
497,317
4971,1
4973,1
4975,3
4977,1
4979,2
498,349
4981,1
4982,1
4983,2
4985,3
4987,1
4989,1
499,425
4990,3
4991,1
4993,1
4995,1
4996,1
4997,1
4999,2
5,175441
50,33692
500,788
5000,1
5001,1
5002,1
5003,1
5005,2
5006,3
5008,1
5009,2
501,676
5010,2
5011,4
5012,2
5013,2
5014,1
5015,5
5016,2
5017,2
5019,3
502,444
5020,1
5021,2
5022,2
5025,3
5026,3
5027,2
5029,1
503,449
5030,1
5031,3
5032,2
5033,1
5034,2
5035,3
5037,2
5038,1
5039,4
504,474
5040,2
5041,1
5042,1
5043,2
5045,1
5047,2
5048,2
5049,3
505,537
5050,1
5051,3
5052,9
5053,3
5054,2
5055,6
5056,5
5057,3
5058,1
5059,3
506,438
5060,1
5061,3
5063,1
5064,1
5065,3
5067,1
5069,3
507,445
5070,2
5071,1
5073,1
5075,3
5077,1
5079,1
508,620
5080,3
5082,2
5083,4
5085,4
5086,1
5087,2
5088,2
5089,2
509,437
5090,4
5091,3
5093,3
5095,4
5097,2
5098,1
5099,1
51,30587
510,786
5100,3
5103,1
5105,3
5106,1
5107,2
5109,1
511,466
5110,1
5112,5
5113,3
5115,2
5116,1
5117,1
5119,2
512,707
5120,1
5121,2
5123,3
5125,1
5127,1
5129,1
513,360
5130,3
5131,2
5133,1
5135,2
5136,1
5137,1
5138,2
5139,2
514,402
5140,1
5144,1
5145,1
5147,2
5148,2
5149,1
515,561
5150,2
5151,1
5152,2
5153,3
5155,3
5156,1
5157,1
5159,1
516,413
5160,2
5161,1
5162,1
5163,2
5165,2
5166,1
5169,2
517,344
5177,1
5178,3
5179,1
518,453
5180,4
5181,1
5183,1
5185,2
5186,1
519,469
5190,1
5194,1
5195,2
51952,1
5197,1
5199,1
52,30659
520,613
5200,1
5201,1
5203,1
5204,1
5205,4
5206,1
5207,1
5208,1
521,388
5210,6
5212,1
5216,1
5219,1
522,405
5220,1
5222,2
5225,2
523,335
5233,3
5234,3
5235,1
5236,1
5237,1
524,463
5240,6
5244,1
5245,1
5246,1
5249,1
525,401
5253,1
5254,16
5255,2
5256,2
52562,1
5258,2
526,359
5260,9
5262,3
52647,1
5269,1
527,362
5270,3
5271,1
5272,2
5273,2
5276,1
5277,1
5278,1
528,366
5280,3
5281,1
5282,1
5284,3
5285,1
5286,1
5287,1
5288,3
5289,2
529,371
5290,5
5292,1
5293,3
5294,1
5295,3
5296,1
5297,2
5298,1
53,27929
530,742
5300,4
53000,1
5301,2
5302,2
5304,1
5305,7
5306,2
5308,2
531,356
5310,4
5312,1
5313,1
5315,2
5316,1
5317,1
5318,2
5319,1
532,334
5320,1
5324,2
5327,2
5329,3
533,325
5330,1
5332,1
5334,3
5335,2
5336,2
5337,1
534,266
5340,5
5342,3
5344,2
5345,1
5346,1
535,459
5350,3
53504,1
5352,5
5353,1
5354,1
5355,9
5356,1
5357,4
5358,1
536,342
5360,3
5361,4
5362,2
5365,1
5367,3
5368,1
537,357
5370,3
5372,1
5373,3
5374,2
5375,2
5376,4
5378,2
5379,1
538,520
5380,2
5382,1
5384,1
5386,1
5388,1
5389,1
539,312
5393,2
5396,1
5397,2
54,28264
540,385
5400,2
5401,1
5404,1
5405,1
5408,1
541,299
5410,1
5411,2
5413,2
5415,4
5417,3
5419,1
542,291
5420,2
5421,2
5423,1
5425,2
5427,1
5429,1
543,343
5431,1
5432,2
5433,3
5435,2
5436,1
5437,1
5439,1
544,298
5440,1
5441,1
5443,1
5445,4
5447,1
5449,2
545,370
5450,3
5451,2
5453,1
5454,1
5456,3
5459,2
546,323
5460,2
5461,1
5464,1
5465,2
5466,1
5467,1
5469,3
547,408
5470,3
5471,1
5472,4
5473,1
5475,2
5477,4
548,259
5480,4
5481,5
5483,2
5487,2
5489,2
549,376
5490,2
5491,2
5492,3
5494,1
5495,2
5496,3
5498,1
55,28635
550,525
5504,1
5505,1
5507,1
551,346
5511,1
5515,1
5516,1
552,285
5520,1
5521,1
5525,1
5526,1
5528,3
553,272
5530,1
5531,1
5533,1
5535,1
5539,1
554,287
5540,2
5542,1
5543,1
55436,1
5545,1
5548,2
5549,1
555,369
5550,2
5552,2
5555,2
55555,1
5556,1
5557,6
5558,1
5559,5
556,250
5560,1
5561,5
5562,1
5563,1
5565,1
5566,1
5567,2
5569,3
557,309
5570,1
5571,1
5574,1
5575,3
558,344
5580,1
5581,1
5582,1
5585,1
5588,1
559,299
5590,3
5598,2
56,26295
560,418
5600,3
5601,1
5602,1
5603,1
5604,2
5605,1
5606,1
561,297
5610,2
5612,2
5614,1
5615,2
5616,2
5618,1
562,482
5620,1
5621,1
5622,5
5624,2
5626,1
5628,2
563,228
5630,1
5631,1
5632,6
5633,1
5634,1
5636,1
5637,1
5638,1
564,335
5640,2
5641,2
5642,1
5643,1
5644,2
5646,2
5648,1
565,286
5650,2
5652,1
5653,1
5654,2
5655,2
5656,1
5657,1
5658,2
5659,1
566,295
5660,7
5661,2
5662,3
5665,2
5666,1
5668,1
567,256
5670,2
5672,2
5675,3
5676,1
5679,1
568,240
5680,5
5683,2
5684,1
5685,1
5689,2
569,546
5690,4
5691,5
5692,1
5693,3
5694,1
5696,3
5697,1
5698,1
57,25436
570,673
5700,1
5701,1
5702,2
5703,4
5704,1
5705,5
5706,1
5707,1
5708,3
5709,2
571,418
5710,4
5711,1
5712,1
5713,1
5714,1
5715,1
5716,2
5718,1
5719,2
572,269
5720,6
5721,1
5722,1
5723,2
5724,1
5725,3
5727,1
5728,3
5729,2
573,239
5730,2
5731,1
5734,1
5735,1
5736,1
574,272
5740,2
5745,1
5746,1
5748,1
575,355
5750,2
5754,1
5755,1
5756,2
5759,11
576,304
5760,1
5761,3
5762,1
5763,2
5765,4
5766,1
577,233
5770,1
5771,2
5775,1
578,266
5781,2
5783,1
5784,1
5785,2
5787,3
5788,1
579,254
5790,2
5797,1
58,24737
580,423
5800,4
5801,2
58017,2
5802,1
5803,1
5805,1
5807,1
5809,1
581,322
5810,1
5812,1
5814,1
5815,2
5816,2
5818,4
5819,1
582,335
5821,2
5822,1
5824,1
5825,3
5827,1
5828,1
5829,1
583,296
5830,1
5831,2
5834,1
5835,1
5838,1
5839,2
584,267
5840,4
5841,2
5849,1
58498,1
585,304
5850,1
5851,1
5852,1
586,230
5860,5
5862,6
5864,2
5865,1
5868,2
587,273
5873,1
5879,1
588,292
5881,1
5883,2
5887,1
5888,1
589,276
5890,1
5891,2
5893,6
5898,1
59,24006
590,396
5901,2
5902,1
5903,1
5904,1
5905,2
5906,1
5908,2
591,233
5910,2
5915,1
5918,1
5919,1
592,207
5920,8
5921,1
5922,2
5924,1
5925,2
5926,3
5929,2
593,254
5930,2
5933,2
5935,1
5937,1
5939,1
594,216
5941,1
5945,2
5946,1
5947,1
5948,2
595,323
5950,4
5951,1
5952,1
5953,1
5955,2
5957,1
596,258
5960,1
5961,12
5963,1
5964,3
5965,3
5967,2
597,252
5973,1
598,238
5980,4
5983,1
5987,1
599,216
5990,3
5993,1
5995,1
6,171512
60,25943
600,518
6000,3
6001,1
6002,2
6003,2
6004,2
6005,4
6006,2
6007,1
6008,3
6009,1
601,641
6010,2
6012,2
6013,3
6014,1
6015,1
6017,2
6018,1
602,301
6020,3
6021,1
6023,1
6026,3
603,303
6030,2
6038,2
604,273
6040,2
6044,1
605,287
6050,4
6051,2
6054,1
6055,1
6056,1
606,229
6060,1
6062,11
6064,4
6068,1
607,252
6070,3
6076,1
608,269
6080,1
6084,1
6085,1
609,238
6092,1
6095,1
61,23431
610,386
6100,3
6102,1
6108,5
6109,1
611,265
6110,1
6111,1
6112,2
6115,2
612,251
6120,1
6121,2
6125,2
6127,1
6128,1
613,200
6130,3
6136,1
6137,1
6139,1
614,286
6140,3
6141,1
6142,1
6144,1
615,253
6150,1
6151,1
6154,1
616,292
6160,1
6162,1
6163,9
6164,1
6165,3
6167,2
6169,5
617,193
6170,2
6171,1
6172,2
6174,1
6175,1
6176,2
618,279
6183,2
6188,1
6189,1
619,321
6193,2
6198,2
62,22418
620,535
6200,2
6201,1
62017,3
6207,2
6208,1
6209,1
621,262
6210,3
6215,1
6218,1
622,186
6220,2
6222,1
6223,1
6227,1
6228,1
623,229
6230,2
6231,2
6237,1
6238,1
624,284
6240,2
6241,1
6245,3
6247,1
625,243
6250,2
6251,1
6253,1
6254,2
6255,2
6256,1
6257,1
6259,2
626,201
6260,4
6261,2
6263,1
6264,5
6265,2
6266,2
6267,1
627,199
6270,6
6271,2
6272,1
6273,1
6275,4
6276,1
6277,2
628,235
6280,1
6281,2
6282,3
6283,1
6284,1
6285,1
6286,2
6289,1
629,184
6290,2
6297,1
6299,1
63,21399
630,343
6304,1
6305,1
631,239
6310,2
6311,1
6312,1
6316,1
6317,1
632,291
6320,2
6324,1
6325,2
6327,1
6329,1
633,258
6330,3
6333,3
6335,1
6336,1
634,186
6340,1
6343,1
6344,1
6345,2
635,308
6351,1
6359,1
636,240
6360,1
6361,1
6362,1
6365,5
6367,2
637,332
6371,3
6373,1
6375,1
6378,1
638,190
6380,5
6382,1
6385,2
6388,1
639,333
6390,4
6395,2
6396,1
6397,1
64,20993
640,293
6400,1
64000,1
6401,2
6406,2
641,307
6411,3
6413,1
6415,4
642,163
6429,1
643,247
6430,6
6431,1
6433,3
6435,1
644,177
6440,3
6441,1
6445,1
6448,1
645,293
6455,1
646,189
6460,1
6461,1
6465,3
6466,5
6468,2
647,220
6470,3
6472,5
6479,1
648,155
6482,1
6489,1
649,203
6490,2
6495,1
6497,1
6499,1
65,21026
650,380
6500,1
6504,1
6505,2
651,173
6515,1
652,159
6520,1
6523,1
6524,1
6525,4
6527,1
6528,1
653,220
6530,1
6533,1
6535,2
654,197
6540,1
6541,1
6542,2
6543,1
6546,1
655,258
6550,2
6551,1
6554,2
656,221
6561,1
6563,1
6565,1
6567,7
6569,5
657,268
6570,3
6571,2
6573,3
6574,1
6576,1
658,183
6580,1
6581,18
659,179
6590,2
6593,1
6594,1
6597,1
66,20131
660,282
6600,4
6604,1
6606,1
6607,1
661,196
6611,1
6615,1
662,164
6629,1
663,139
6630,4
6632,2
6635,2
664,162
6640,2
6642,1
665,179
6651,3
6653,2
6655,1
666,193
6668,3
667,141
6670,1
6676,1
6678,1
668,234
6680,1
6682,2
6683,1
6684,1
6686,1
6687,1
669,228
6692,1
6695,1
6697,1
6699,2
67,19852
670,388
6703,1
6704,1
6707,1
6709,2
671,178
6710,2
6711,2
6712,1
6717,2
6718,1
6719,3
672,206
6720,1
6725,1
673,188
6730,1
6736,1
6738,1
674,249
6740,2
6741,1
6745,1
675,184
6753,2
6757,1
6758,2
676,162
6761,1
6762,1
6769,6
677,157
6771,3
6773,5
6775,1
6779,1
678,339
6780,1
6781,4
679,271
6790,1
6791,1
6793,1
6794,1
6795,1
68,19023
680,305
6800,2
6801,1
6805,1
681,165
6811,1
6814,1
682,251
6822,1
6825,3
683,126
6830,3
6834,1
684,184
6843,1
6845,2
685,178
6850,2
6852,1
6855,2
686,162
6860,3
6862,1
6863,1
6868,1
687,169
6870,7
6871,1
6872,3
688,155
6880,1
689,141
69,18590
690,251
6903,1
6904,1
6907,1
691,142
6911,1
6913,1
6915,1
6916,3
692,140
6920,2
6926,1
693,165
6935,1
694,176
6941,1
6942,1
695,343
696,218
6960,1
6968,2
697,168
6970,2
6971,3
6972,2
6973,2
6975,1
6976,1
6977,1
698,139
6985,1
6989,1
699,215
6999,1
7,162970
70,19484
700,364
7000,1
7001,1
7002,1
7003,17
7004,2
7005,4
7007,2
7008,3
7009,3
701,258
7010,2
7011,1
7012,4
7013,5
7014,1
7016,1
702,240
7020,2
7021,3
7022,1
7023,1
7027,2
703,191
7030,2
7032,2
7033,4
7035,1
7038,1
7039,1
704,175
7040,2
7041,1
7046,1
705,262
7050,1
7051,1
7055,1
7059,1
706,183
7060,3
7061,2
7063,1
7064,1
7065,1
7066,1
7069,1
707,193
7070,4
7071,4
7072,8
7073,1
7074,4
7075,1
7076,2
7079,1
708,209
7080,2
7081,1
7083,1
7085,1
709,186
7090,1
7091,1
7094,1
7097,1
7099,1
71,17689
710,266
7100,1
7102,1
7104,1
7108,2
711,197
7110,1
7112,1
7114,1
7115,1
7116,2
7117,1
7118,1
7119,1
712,169
7120,6
7124,3
7128,2
7129,3
713,191
7132,3
7134,1
7136,1
7138,1
714,173
7140,2
7141,1
7144,1
715,199
7150,2
7151,1
7156,1
716,197
7160,4
717,151
7170,1
7172,1
7173,8
7175,2
718,152
7180,3
7187,1
719,150
7190,3
7191,1
7195,1
7197,3
72,17181
720,267
7200,4
7201,2
7202,1
7206,1
721,183
7219,2
722,165
7220,1
7225,1
7226,1
7227,1
7229,1
723,185
7230,2
7233,1
724,192
7242,2
725,211
726,148
7268,1
727,120
7274,3
7275,1
7276,2
728,134
7280,2
729,139
7290,2
7291,1
7292,1
7294,1
7295,3
73,16440
730,203
7300,3
7301,2
7302,2
7304,1
7305,1
7308,2
7309,1
731,162
7311,2
7314,1
7319,1
732,147
7320,2
7321,1
7323,2
733,128
7330,1
7336,1
734,137
7345,2
735,212
7350,4
7355,1
7357,1
7358,1
736,180
7360,1
7365,1
7366,1
737,170
7375,3
738,167
7381,3
7383,2
7385,1
7386,1
7387,3
7389,2
739,130
7390,1
7391,2
7394,1
7395,2
7396,2
7397,1
7398,1
74,16487
740,240
7404,1
7405,1
7406,2
7408,2
741,137
7410,1
7412,1
742,130
7426,1
743,154
7433,2
7435,2
744,150
7440,2
7442,1
7446,1
745,325
7450,1
7451,2
7458,1
746,173
7465,2
747,124
7471,1
7476,5
7478,1
748,124
7480,2
7484,2
7486,2
749,185
7498,1
75,16884
750,272
7507,2
751,118
7510,1
7511,1
7518,1
752,169
7520,2
7522,1
7523,1
7524,1
7525,2
7529,1
753,128
7530,1
754,114
7541,1
7543,1
7545,1
7548,1
755,208
7550,2
756,110
7561,1
7565,1
757,212
7570,2
7573,1
7577,5
7578,1
7579,2
758,273
759,106
7590,1
7593,1
7595,3
76,15889
760,226
7605,1
761,96
7610,1
7612,1
7615,2
762,135
7625,1
7626,1
763,172
7630,1
7631,1
764,178
7648,2
765,240
766,101
767,200
7670,1
7675,2
7677,1
7678,5
768,101
7680,4
7683,1
7685,1
769,143
7692,1
7697,2
7698,2
77,15493
770,174
7700,2
7705,2
771,106
7710,3
7715,1
772,111
7723,1
7724,1
773,104
7736,1
774,107
7745,1
7746,1
7747,1
7749,2
775,158
7752,2
7755,1
7757,1
776,163
777,215
7773,1
7778,1
7779,6
778,110
7781,1
779,92
7791,1
7795,1
7796,1
78,14722
780,659
7800,1
7807,1
781,118
7810,1
782,111
7820,1
7826,1
783,113
7835,6
784,134
7844,1
7845,3
785,173
786,122
787,108
7870,1
7876,1
788,119
7880,6
7882,3
7885,1
7888,1
789,187
7890,2
7892,1
79,14590
790,147
7904,1
7909,1
791,117
792,110
7929,1
793,97
7930,1
7931,1
7934,1
794,168
7941,1
7943,2
7949,2
795,139
7950,2
7958,1
796,81
797,109
7976,1
798,99
7981,3
7983,2
7985,1
7987,2
799,113
7990,1
7995,1
7997,1
7999,1
8,159388
80,15051
800,303
8000,1
8001,1
8004,1
801,127
8010,1
802,126
8020,1
8024,1
8025,2
8026,1
8027,1
8028,1
803,150
8032,1
804,142
8040,1
8045,1
805,211
8050,2
8051,1
806,141
8060,3
8065,1
807,115
8070,1
808,119
8082,6
8083,2
8084,2
8086,2
8087,1
809,137
8091,1
8094,1
8096,1
8097,1
81,14617
810,232
8100,2
8103,1
8105,3
8106,1
8107,1
8108,1
8109,1
811,194
8111,1
8114,1
8115,1
8116,1
8117,1
8118,1
8119,1
812,138
8120,2
8121,1
8122,1
8123,1
8125,2
8126,4
8127,1
8129,1
813,151
8130,2
8133,1
8135,1
8136,1
8138,1
8139,1
814,125
8140,4
8141,1
8142,1
8145,1
8148,1
815,190
8150,3
8154,1
816,129
8164,1
8166,1
8169,2
817,107
8170,2
8178,1
818,170
8180,3
8183,1
8184,1
8185,5
8187,1
8189,2
819,100
8190,2
8191,1
8193,1
8199,1
82,13633
820,187
8200,4
8201,3
8203,1
8205,3
8206,1
8207,1
8208,1
8209,1
821,123
8211,1
8218,1
8219,1
822,164
8220,1
8221,1
8224,1
8226,1
8227,1
823,76
8230,1
8231,1
8234,1
8235,3
8239,1
824,115
8240,1
8246,1
8249,1
825,156
8250,3
8251,1
8252,1
8254,1
826,88
8263,1
8267,3
8269,1
827,129
8270,1
8272,1
8275,1
8279,1
828,145
8282,1
8284,4
8285,1
8286,1
8288,1
829,99
8290,1
8292,2
83,14212
830,142
831,102
8314,1
8315,1
832,134
8323,2
8328,1
8329,1
833,118
8332,1
8333,1
8334,2
8335,1
8336,1
8339,2
834,75
8340,3
8342,1
8345,1
8349,3
835,135
8350,1
8355,1
8356,2
8359,1
836,126
8360,1
8366,2
837,90
8377,1
838,91
8381,1
8382,1
8383,1
8384,1
8385,3
8387,2
8388,1
839,91
8391,1
8392,1
8393,13
8398,4
84,12830
840,242
8400,1
8404,2
8409,2
841,139
8410,1
8412,1
842,70
843,139
8430,2
8432,2
844,123
8443,1
845,136
8450,1
846,103
8460,1
8462,1
8464,1
847,86
8473,1
848,117
8483,1
8484,1
8486,6
8488,6
849,98
8490,1
8492,1
8493,3
8494,3
8495,1
8496,1
85,13426
850,194
8500,2
8503,1
851,103
8511,1
8515,2
8518,1
852,92
8520,1
8524,1
8525,1
853,106
8535,1
854,129
855,129
8552,1
8559,2
856,98
8560,2
8566,1
857,115
8573,1
8576,2
858,91
8581,1
8585,2
8586,1
8587,5
8589,3
859,84
8590,2
8591,2
8593,3
86,12249
860,161
8604,1
861,101
8610,1
8614,1
862,72
8621,2
8625,1
8627,1
863,114
8637,2
864,93
8640,1
8645,2
865,104
8650,1
8652,1
8653,1
866,80
8660,3
8661,1
8666,1
8668,1
867,71
8678,3
8679,1
868,171
8680,1
8684,1
8687,1
8688,5
869,78
8691,1
8694,1
8696,1
87,11903
870,183
8700,1
8702,1
8705,2
871,96
8710,1
8715,2
872,99
8720,1
8723,1
873,82
8731,2
8735,1
8736,1
8738,1
874,77
8740,2
8747,1
875,109
8755,1
876,77
877,81
8770,1
8771,1
878,66
8789,4
879,82
8790,1
8791,1
8793,2
8794,2
88,12772
880,130
8801,1
8803,1
8804,1
8807,1
881,74
8810,1
8814,2
8816,1
882,92
8820,1
8821,1
883,114
8830,1
8835,1
884,66
8843,2
885,183
8850,3
8852,1
8855,2
886,75
8863,1
8867,2
8869,1
887,87
8871,1
8872,1
8877,1
888,95
8882,1
8883,1
8885,2
8886,1
8887,1
889,86
8890,4
8891,1
8892,1
8895,1
8897,1
89,11347
890,102
8900,1
8901,1
8905,1
891,67
8910,1
8911,2
8914,1
892,93
8924,1
8925,1
893,79
8931,1
8932,1
8935,1
894,73
8945,1
895,111
8950,1
8956,1
8959,1
896,69
897,57
8975,1
898,68
8980,7
8989,1
899,151
8991,3
8993,2
8997,1
9,149393
90,12069
900,138
9000,1
9001,1
9002,1
9003,1
9006,1
9009,1
901,146
9010,1
9012,2
9013,1
902,106
9022,1
9025,1
903,107
9039,2
904,104
9040,1
9041,1
9045,1
905,176
9054,1
906,109
9060,1
9069,1
907,92
9070,1
9072,1
908,103
9080,3
9082,1
909,73
9092,4
9094,1
9096,1
91,11847
910,173
9105,1
911,128
912,99
9120,1
913,91
9130,1
914,93
9140,1
9145,1
9147,1
915,138
9150,2
9151,1
9155,1
916,92
9167,1
917,94
9170,2
9178,1
918,86
9181,1
9184,1
9188,1
919,159
9193,4
9195,3
9197,2
9199,2
92,10618
920,94
921,79
9215,3
9219,1
922,86
9220,1
923,61
9234,1
924,70
9245,1
925,117
926,96
9265,1
927,102
9270,1
928,68
929,71
9292,2
9294,4
9295,2
9296,1
9297,1
93,10652
930,275
931,77
9310,1
9311,1
9314,1
9318,1
932,51
933,65
934,54
9342,1
935,64
9350,3
936,56
937,63
938,48
939,91
9390,1
9394,1
9395,1
94,10398
940,101
9402,1
941,64
9415,1
942,65
9425,1
943,63
9432,1
9435,2
944,70
9440,1
9442,1
9446,1
945,96
9450,1
946,87
947,50
948,53
949,102
9490,1
9495,1
9496,2
95,11415
950,97
951,77
9515,1
952,54
9525,1
953,74
9530,1
954,72
955,168
956,76
957,73
9570,3
9571,1
9575,1
958,68
959,59
9597,10
9598,2
96,10221
960,119
961,83
9614,1
962,61
963,62
964,58
965,120
9655,1
9656,1
966,55
967,103
9670,3
968,53
9687,1
969,130
97,9990
970,110
971,57
9719,1
972,82
973,104
974,62
975,75
9756,2
976,51
977,66
9770,1
978,61
9787,1
979,79
9797,1
9799,1
98,9667
980,117
981,67
9810,2
982,47
983,45
9839,1
984,56
985,71
9859,2
986,42
9861,1
987,65
988,42
989,50
99,10389
990,149
991,82
992,60
9925,1
993,57
994,43
995,117
996,42
997,61
998,268
999,381
9998,2
9999,281
